Title,keyword,Description
Software Engineer,"""IT,Coding,Development,Python,Java,Web,Development,AI,ML,Cloud,Computing,""","Software engineers design, develop, and maintain software applications. They work in IT companies, startups, and MNCs, creating solutions for businesses and consumers."
IAS Officer,"""Government,UPSC,Administration,Policy,Bureaucrat,Civil,Services,Leadership,Public,Service,Governance,Decision-Making""","IAS officers manage government policies, administration, and public welfare programs, playing a crucial role in national development. They are selected through the UPSC exam."
Chartered Accountant,"""Finance,Accounting,Taxation,Audit,ICAI,CA,Business,Advisory,Compliance,Investment,Corporate""","Chartered Accountants manage financial records, audits, and tax filings. They work in corporate firms, government departments, or independently as consultants."
Doctor,"""Healthcare,MBBS,Surgeon,Physician,Medical,Hospital,Diagnosis,Treatment,Public,Health""","Doctors diagnose and treat patients, working in hospitals, clinics, and private practice. Specializations include surgery, cardiology, dermatology, and more."
Digital Marketing Expert,"""SEO,Social,Media,Google,Ads,Content,Marketing,PPC,Branding,Analytics,Strategy,Business,Growth,Advertising""","Digital marketers use online tools to promote brands, increase sales, and engage audiences through strategies like SEO, social media, and paid advertising."
Civil Engineer,"""Construction,Infrastructure,Architecture,Structural,Engineering,AutoCAD,Urban,Planning,Government,Real,Estate,Project,Management""","Civil engineers design and supervise infrastructure projects like roads, bridges, and buildings. They work in government departments, private firms, and as consultants."
Small Business Owner,"""Entrepreneurship,Startup,Investment,Business,Strategy,Marketing,Retail,E-commerce,Sales,Finance,Management""","Business owners establish and manage their own companies, offering products or services in various industries such as retail, e-commerce, and manufacturing."
Indian Army Officer,"""Defense,Military,Government,Security,Strategy,Leadership,Training,War,Tactics,National,Security,UPSC""","Army officers serve the nation by leading defense operations, managing troops, and ensuring national security. Selection is through NDA, CDS, or direct entry schemes."
Journalist,"""Media,News,Reporting,Writing,TV,Newspaper,Press,Investigative,Journalism,Editing,Public,Relations""","Journalists gather and report news for newspapers, TV channels, websites, and magazines. They cover politics, sports, business, and social issues."
Bank Manager,"""Finance,Banking,Loans,Investment,Customer,Service,Account,Management,Operations,Leadership,Government,Private,Sector""","Bank managers oversee daily operations, handle customer relations, approve loans, and ensure financial compliance in public or private sector banks."
Police Officer,"""Law,Enforcement,Government,Security,Crime,Investigation,Public,Safety,IPS,UPSC,Leadership,Administration,Forensics""","Police officers maintain law and order, investigate crimes, and ensure public safety. They work in different departments like traffic, crime, and cybercrime."
Teacher,"""Education,Teaching,School,Students,Academics,Curriculum,Training,Public,Speaking,Government,Private""","Teachers educate students in schools, colleges, and universities. They specialize in subjects like science, math, and arts, working in government or private institutions."
Mechanical Engineer,"""Engineering,Manufacturing,Design,AutoCAD,Robotics,Industrial,Automobile,Aerospace,Production,Research""","Mechanical engineers design and develop machinery and mechanical systems. They work in automotive, aerospace, and industrial sectors."
Civil Services Officer,"""Government,UPSC,Policy,Administration,Leadership,Public,Service,Decision-Making,Law,Economics""","Civil services officers implement government policies and manage administrative functions. Exams like UPSC, State PSC, and SSC recruit them."
Pharmacist,"""Healthcare,Medicine,Pharmacy,Drugs,Hospital,Research,Quality,Control,Chemist,Government,Private""","Pharmacists dispense medicines, advise patients, and ensure drug safety. They work in hospitals, retail pharmacies, or pharmaceutical companies."
Electrician,"""Technical,Electricity,Repair,Maintenance,Wiring,Power,Industry,Trade,Construction,Government,Private""","Electricians install and repair electrical systems in homes, offices, and industries. They work in private companies, government projects, or as self-employed professionals."
Graphic Designer,"""Design,Creativity,Adobe,Photoshop,Illustrator,Branding,Marketing,UI/UX,Advertising,Freelance,Digital""","Graphic designers create visual content for advertisements, branding, and websites. They work in marketing agencies, IT companies, and as freelancers."
Fashion Designer,"""Fashion,Textile,Styling,Clothing,Trends,Branding,Entrepreneur,Creativity,Retail,Luxury""","Fashion designers create clothing, accessories, and footwear. They work for fashion brands, start their own businesses, or freelance."
Entrepreneur,"""Business,Startup,Investment,Strategy,Marketing,Finance,Sales,Management,Leadership,Innovation""","Entrepreneurs build and manage businesses, launching new products or services in various industries."
Data Scientist,"""AI,ML,Big,Data,Analytics,Python,R,Statistics,Deep,Learning,Tech,Research,IT""","Data scientists analyze data to provide business insights using AI, machine learning, and statistical methods."
Hotel Manager,"""Hospitality,Management,Customer,Service,Tourism,Hotel,Industry,Leadership,Finance,Marketing,Catering,Operations""","Hotel managers oversee hotel operations, guest relations, and staff management. They work in hotels, resorts, and the hospitality sector."
Pilot,"""Aviation,Flight,Aircraft,Airlines,Navigation,Training,ATC,Government,Private,Commercial""","Pilots operate aircraft for commercial airlines, private companies, or government aviation departments."
Lawyer,"""Legal,Advocate,Court,Judiciary,Corporate,Law,Criminal,Law,Human,Rights,Contracts,Government,Private""","Lawyers provide legal advice, represent clients in courts, and work in government, corporate firms, or private practice."
Stock Broker,"""Finance,Investment,Trading,Stock,Market,SEBI,Portfolio,Equity,Wealth,Management,Economy,Analysis""","Stock brokers trade stocks and advise investors on financial markets, working with stock exchanges, brokerage firms, or independently."
Architect,"""Design,Buildings,Construction,Infrastructure,AutoCAD,Urban,Planning,Creativity,Engineering,Real,Estate""","Architects design buildings and structures, ensuring aesthetic and functional integrity. They work in architecture firms, real estate, or as consultants."
Psychologist,"""Mental,Health,Counseling,Behavior,Research,Therapist,Education,Clinical,Wellness,HR,Healthcare""","Psychologists study human behavior and help individuals deal with emotional, mental, or behavioral issues in clinics, schools, or corporate settings."
Event Manager,"""Event,Planning,Management,Hospitality,Marketing,Coordination,Corporate,Entertainment,Strategy,Logistics,Budgeting""","Event managers plan and organize events, including corporate meetings, weddings, and concerts. They work for event companies or as freelancers."
HR Manager,"""Human,Resources,Recruitment,Employee,Relations,Training,Corporate,HR,Policies,Leadership,Payroll,Compliance,Administration""","HR managers oversee employee recruitment, training, payroll, and workplace policies in companies across industries."
Chef,"""Culinary,Food,Restaurant,Hotel,Kitchen,Hospitality,Baking,Menu,Planning,Creativity,Entrepreneurship""","Chefs prepare and design food menus in restaurants, hotels, and catering businesses. Some start their own food ventures."
Content Writer,"""Writing,Blogging,SEO,Editing,Marketing,Freelance,Copywriting,Technical,Writing,Creativity,Digital,Media""","Content writers create articles, blogs, and marketing copies for websites, companies, and digital platforms."
Physiotherapist,"""Healthcare,Therapy,Rehabilitation,Exercise,Wellness,Fitness,Muscles,Injury,Hospital,Clinic""","Physiotherapists help patients recover from injuries and improve mobility through therapy. They work in hospitals, clinics, or privately."
Professor,"""Education,Teaching,University,Research,Academics,PhD,Public,Speaking,Seminars,Training,Government""","Professors teach at universities, conduct research, and publish academic work in their subject of expertise."
Veterinarian,"""Animal,Care,Doctor,Pet,Health,Wildlife,Hospital,Medicine,Surgery,Research,Farm,Animals,Government""","Veterinarians diagnose and treat animals, working in clinics, farms, zoos, and research institutions."
YouTuber,"""Content,Creation,Social,Media,Video,Production,Entertainment,Influencer,Digital,Marketing,Vlogging,Branding,Monetization""","YouTubers create video content and earn through ads, sponsorships, and online marketing."
Actor,"""Entertainment,Film,TV,Theater,Drama,Acting,Performance,Creativity,Public,Speaking,Media""","Actors perform in films, television, and theater productions, bringing characters to life through storytelling."
Interior Designer,"""Design,Architecture,Creativity,Home,Décor,Real,Estate,Space,Planning,Furniture,Art,Lighting,Renovation""","Interior designers create aesthetic and functional indoor spaces for homes, offices, and commercial buildings."
Journalist,"""Media,News,Reporting,Writing,TV,Newspaper,Press,Investigative,Journalism,Editing,Public,Relations""","Journalists gather and report news for newspapers, TV channels, websites, and magazines."
Civil Services Officer,"""Government,UPSC,Policy,Administration,Leadership,Public,Service,Decision-Making,Law,Economics""",Civil services officers implement government policies and manage administrative functions.
Blockchain Developer,"""IT,Blockchain,Cryptocurrency,Bitcoin,Smart,Contracts,Web3,Technology,Security,Finance,Decentralization""","Blockchain developers create decentralized applications using blockchain technology in finance, security, and data management."
Pharmaceutical Scientist,"""Healthcare,Medicine,Research,Drugs,Lab,Clinical,Trials,Biotech,Pharmacology,Chemistry,Innovation""",Pharmaceutical scientists develop and test new medicines and drugs in research labs and pharmaceutical companies.
Flight Attendant,"""Aviation,Customer,Service,Hospitality,Travel,Airlines,Communication,Safety,Public,Relations,Training""","Flight attendants ensure passenger safety and comfort on flights, working for domestic and international airlines."
Civil Judge,"""Law,Government,Judiciary,Court,Legal,Decision,Making,Public,Service,UPSC,Ethics,Justice""","Civil judges preside over court cases, ensuring justice and legal compliance."
Investment Banker,"""Finance,Investment,Wealth,Management,Economy,Banking,Stock,Market,Corporate,Finance,Advisory,Strategy,Analytics""","Investment bankers help companies raise capital, manage investments, and provide financial advice."
NGO Worker,"""Social,Work,Community,Service,Human,Rights,Public,Welfare,Non-Profit,Activism,Fundraising,Leadership,Education,Healthcare""","NGO workers contribute to social causes, working in organizations that aim to improve society."
Agricultural Scientist,"""Agriculture,Research,Farming,Biotechnology,Crops,Food,Security,Soil,Science,Technology,Government,Rural,Development""","Agricultural scientists improve farming techniques, develop hybrid crops, and work on food sustainability."
Sports Coach,"""Sports,Fitness,Training,Athletes,Leadership,Strategy,Team,Management,Competition,Mentorship""","Sports coaches train athletes and teams in various sports, helping them improve performance."
Real Estate Agent,"""Property,Sales,Investment,Marketing,Broker,House,Construction,Legal,Finance,Networking""","Real estate agents help clients buy, sell, and rent properties, earning commissions on successful deals."
App Developer,"""IT,Mobile,Apps,Coding,Android,iOS,Software,Programming,Technology,Innovation,Startups""","App developers create mobile applications for businesses, startups, and consumers."
Foreign Language Translator,"""Language,Translation,Communication,Interpretation,Freelance,Global,Business,Diplomacy,Culture,Writing,Editing""","Translators convert written or spoken content from one language to another, working in business, media, and diplomacy."
Cybersecurity Analyst,"""IT,Security,Hacking,Network,Technology,Data,Protection,Forensics,Ethical,Hacking,Risk,Management,Government""",Cybersecurity analysts protect companies and government agencies from cyber threats and data breaches.
Social Media Manager,"""Marketing,Digital,Advertising,Branding,SEO,Content,Creation,Influencer,Strategy,Facebook,Instagram""",Social media managers create and execute online marketing strategies for brands and businesses.
Textile Designer,"""Fashion,Fabric,Creativity,Weaving,Printing,Industry,Manufacturing,Entrepreneur,Patterns,Design""","Textile designers create patterns and materials for clothing, furniture, and decor."
Game Developer,"""Gaming,Programming,Graphics,Animation,Software,AI,Storytelling,Entertainment,Technology,Creativity""","Game developers design and develop video games for computers, consoles, and mobile devices."
Drone Operator,"""Technology,Aviation,Surveillance,Photography,Delivery,Security,Mapping,Government,Filmmaking,Data,Collection""","Drone operators use drones for surveillance, filmmaking, agriculture, and logistics."
Auto Mechanic,"""Automobile,Repair,Maintenance,Workshop,Technical,Engineering,Tools,Diagnostics,Trade,Garage""","Auto mechanics repair and maintain vehicles, working in garages, service centers, or independently."
Marine Biologist,"""Science,Ocean,Research,Aquatic,Life,Conservation,Environment,Government,Biodiversity,Wildlife,Exploration""",Marine biologists study marine organisms and ecosystems to protect ocean life.
Astrophysicist,"""Science,Space,Physics,Research,Observatory,NASA,ISRO,Cosmology,Mathematics,Academics""","Astrophysicists study celestial bodies and the universe, working in research, space agencies, and universities."
Artificial Intelligence Engineer,"""AI,Machine,Learning,Deep,Learning,Neural,Networks,Technology,Automation,Python,Research,Data,Science,Innovation""","AI engineers develop intelligent systems, working in IT, research, and automation industries."
Tour Guide,"""Travel,History,Culture,Tourism,Communication,Public,Speaking,Hospitality,Exploration,Geography,Storytelling""",Tour guides provide information about historical and cultural sites to visitors.
Air Traffic Controller,"""Aviation,Flight,Navigation,Control,Tower,Government,Training,Communication,Emergency,Security""",Air traffic controllers manage aircraft movement to ensure safe landings and take-offs at airports.
E-commerce Business Owner,"""Business,Online,Store,Entrepreneur,Marketing,Retail,Products,Sales,Logistics,Management,Finance""","E-commerce business owners sell products online through platforms like Amazon, Flipkart, and independent websites."
Paramedic,"""Emergency,Healthcare,Ambulance,Medical,First,Aid,CPR,Trauma,Rescue,Hospital,Government""","Paramedics provide emergency medical care in ambulances and hospitals, responding to accidents and critical situations."
Wildlife Photographer,"""Photography,Nature,Conservation,Camera,Animals,Adventure,Travel,Creativity,Freelance,Documentary""","Wildlife photographers capture images of animals in their natural habitat for media, research, and conservation projects."
Statistician,"""Data,Mathematics,Analytics,Research,Finance,Economics,Science,Surveys,Government,Corporate""",Statisticians analyze numerical data and apply mathematical techniques to help organizations make informed decisions.
Biotechnologist,"""Biotechnology,Research,Genetics,Pharmaceuticals,Lab,Healthcare,Microbiology,Environment,Innovation,Science""","Biotechnologists work with biological systems to develop medical treatments, agricultural improvements, and environmental solutions."
Ethical Hacker,"""IT,Security,Hacking,Cybersecurity,Penetration,Testing,Network,Technology,Data,Protection,White,Hat,Forensics""",Ethical hackers use their skills to test and secure computer systems from cyber threats.
Radio Jockey,"""Entertainment,Radio,Hosting,Public,Speaking,Voice,Music,Personality,Broadcasting,Media,Communication""","Radio jockeys host music, talk shows, and entertainment programs on radio channels."
Tattoo Artist,"""Art,Creativity,Tattoos,Design,Ink,Entrepreneur,Studio,Needlework,Drawing,Body,Art""",Tattoo artists create permanent artwork on clients' skin using specialized tools.
Archaeologist,"""History,Research,Excavation,Artifacts,Government,Museums,Culture,Education,Ancient,Civilization,Exploration""","Archaeologists study ancient civilizations by analyzing artifacts, ruins, and historical sites."
Dietitian,"""Healthcare,Nutrition,Fitness,Wellness,Food,Diet,Public,Health,Consultation,Hospital,Weight,Loss""",Dietitians help individuals develop healthy eating habits and provide nutritional counseling.
Forensic Scientist,"""Crime,Investigation,Lab,Police,Law,Science,DNA,Analysis,Autopsy,Evidence""",Forensic scientists analyze evidence in criminal cases to assist law enforcement.
Meteorologist,"""Weather,Climate,Forecasting,Science,Research,Environment,Government,Space,Storms,Disaster,Management""",Meteorologists study atmospheric conditions to predict weather and climate patterns.
Speech Therapist,"""Healthcare,Speech,Language,Disorders,Communication,Rehabilitation,Children,Therapy,Hospital,Education""",Speech therapists help individuals overcome speech and language disorders.
Wedding Planner,"""Events,Planning,Decoration,Hospitality,Creativity,Management,Marketing,Coordination,Budgeting,Entrepreneurship""",Wedding planners organize and manage all aspects of wedding ceremonies and receptions.
Commercial Pilot,"""Aviation,Flight,Airlines,Training,Navigation,International,Aircraft,Government,Private,Sector,Travel""","Commercial pilots operate aircraft for airlines, cargo services, and private aviation companies."
Fitness Trainer,"""Health,Exercise,Wellness,Gym,Bodybuilding,Nutrition,Coaching,Personal,Training,Weight,Loss,Lifestyle""",Fitness trainers help individuals improve their physical health through exercise programs.
Stock Market Analyst,"""Finance,Stock,Market,Investment,Economy,Data,Wealth,Management,Corporate,Banking,Research,SEBI""",Stock market analysts evaluate financial trends and help investors make informed decisions.
Astrologer,"""Horoscope,Predicting,Zodiac,Planets,Fate,Consulting,Spirituality,Mythology,Religion,Readings""",Astrologers interpret planetary positions to provide insights into people's futures and personalities.
Barista,"""Coffee,Hospitality,Café,Food,&,Beverage,Customer,Service,Brewing,Latte,Art,Barista,Skills,Coffee,Shop""",Baristas prepare and serve coffee drinks in cafés and restaurants.
Cartoonist,"""Art,Creativity,Drawing,Comics,Illustration,Entertainment,Newspaper,Media,Storytelling,Animation""","Cartoonists create humorous and artistic illustrations for comics, newspapers, and online platforms."
Geologist,"""Earth,Science,Rocks,Mining,Natural,Resources,Research,Environment,Geography,Oil,&,Gas,Exploration,Government""",Geologists study the Earth's physical structure and natural resources.
Tourism Officer,"""Tourism,Travel,Government,Marketing,Hotels,Culture,Planning,Public,Relations,Hospitality,Heritage""",Tourism officers promote and develop tourism activities in different regions.
UX/UI Designer,"""IT,Design,Creativity,User,Experience,Web,Development,Technology,Interface,Graphics,Innovation,Software""",UX/UI designers improve digital user experiences by designing intuitive and attractive interfaces.
Automobile Engineer,"""Engineering,Cars,Mechanics,Technology,Design,Manufacturing,Research,Innovation,Transportation,Production""",Automobile engineers develop new vehicle designs and improve automotive technology.
Wildlife Conservationist,"""Environment,Nature,Animals,Protection,Forest,Research,Biodiversity,Government,NGO,Ecology""",Wildlife conservationists work to protect endangered species and natural habitats.
Film Director,"""Entertainment,Movies,Creativity,Production,Acting,Scriptwriting,Editing,Media,Cinema,Storytelling""","Film directors oversee the creative aspects of movie production, from script to final editing."
Bartender,"""Hospitality,Drinks,Bar,Alcohol,Customer,Service,Cocktails,Socializing,Restaurant,Entertainment,Nightlife""","Bartenders mix and serve drinks at bars, restaurants, and clubs."
Scriptwriter,"""Entertainment,Movies,TV,Writing,Storytelling,Creativity,Theater,Media,Screenplay,Production""","Scriptwriters create screenplays for movies, TV shows, and theatrical performances."
Drone Engineer,"""Technology,Engineering,Aviation,Electronics,Robotics,Innovation,Defense,Security,Research,Manufacturing""",Drone engineers design and develop unmanned aerial vehicles for various industries.
Painter,"""Art,Creativity,Painting,Exhibition,Gallery,Canvas,Expression,Aesthetics,Visual,Arts,Freelance""","Painters create artistic works using different media such as oil, watercolor, and acrylics."
Robotics Engineer,"""Engineering,Robotics,AI,Automation,Manufacturing,Technology,Electronics,Innovation,Research,Programming""","Robotics engineers develop robots for industries such as healthcare, defense, and manufacturing."
Psychiatrist,"""Mental,Health,Doctor,Therapy,Medicine,Diagnosis,Hospital,Clinical,Research,Neuroscience,Wellness""","Psychiatrists diagnose and treat mental health disorders, working in hospitals and private clinics."
Radio Operator,"""Communication,Technology,Defense,Wireless,Government,Emergency,Security,Navigation,Signals""","Radio operators manage communication systems in military, aviation, and emergency services."
Event Photographer,"""Photography,Wedding,Corporate,Creativity,Editing,Camera,Freelance,Portraits,Media,Marketing""","Event photographers capture special moments at weddings, corporate events, and public gatherings."
Career Counselor,"""Education,Guidance,Mentorship,Coaching,Training,Students,Development,Consultation,Psychology,HR""",Career counselors help individuals choose and plan their professional paths.
Ceramic Artist,"""Art,Pottery,Sculpting,Design,Creativity,Handicraft,Studio,Clay,Home,Decor,Gallery""",Ceramic artists create pottery and decorative items from clay and other materials.
Urban Planner,"""City,Planning,Infrastructure,Government,Real,Estate,Environment,Architecture,Development,Transportation,Zoning""",Urban planners design and develop city infrastructure and manage urban growth.
Animator,"""Graphics,Cartoon,Entertainment,Film,Creativity,Storytelling,Illustration,2D,3D,Multimedia""","Animators create visual effects and animations for movies, TV, video games, and online content."
Tattoo Removal Specialist,"""Healthcare,Dermatology,Laser,Treatment,Aesthetics,Beauty,Skincare,Cosmetic,Technology,Clinic""",Tattoo removal specialists use laser technology to remove unwanted tattoos.
Luxury Brand Manager,"""Marketing,Branding,Fashion,Management,Business,Strategy,Customer,Relations,Retail,Advertising""","Luxury brand managers oversee the marketing and sales of high-end fashion, jewelry, and automobile brands."
Political Analyst,"""Politics,Government,News,Research,Journalism,Public,Policy,Strategy,Administration,Consulting,Economics""","Political analysts evaluate political events, trends, and policies to provide expert insights."
Voice Over Artist,"""Entertainment,Media,Acting,Voice,Acting,Recording,Animation,Radio,Commercials,Movies,Advertising""","Voice-over artists provide narration and character voices for media content like films, ads, and audiobooks."
Luxury Car Dealer,"""Automobile,Business,Sales,Marketing,High-End,Cars,Branding,Customer,Service,Entrepreneurship,Showroom,Finance""","Luxury car dealers sell premium vehicles from brands like Ferrari, Lamborghini, and Rolls-Royce."
Agronomist,"""Agriculture,Soil,Crops,Farming,Research,Food,Security,Rural,Development,Technology,Government,Sustainability""",Agronomists study soil and crops to improve farming techniques and food production.
Perfumer,"""Fragrance,Chemistry,Essential,Oils,Beauty,Branding,Laboratory,Research,Cosmetics,Entrepreneurship,Creativity""","Perfumers create unique fragrances for perfumes, skincare, and household products."
Bonsai Artist,"""Gardening,Plants,Horticulture,Creativity,Miniature,Trees,Aesthetics,Landscaping,Zen,Nature,Handcraft""",Bonsai artists cultivate and shape miniature trees using specialized techniques.
Legal Consultant,"""Law,Advisory,Corporate,Contracts,Compliance,Legal,Documents,Government,Private,Sector,Business,Strategy""",Legal consultants provide expert legal advice to businesses and individuals.
Gemmologist,"""Gems,Jewelry,Precious,Stones,Diamonds,Lab,Testing,Valuation,Design,Certification,Research,Trade""",Gemmologists study and certify precious stones for the jewelry industry.
Cryptocurrency Trader,"""Finance,Trading,Bitcoin,Blockchain,Investment,Wealth,Digital,Assets,Markets,Entrepreneurship,Technology""",Cryptocurrency traders buy and sell digital currencies to earn profits.
Zoologist,"""Wildlife,Animals,Research,Ecology,Conservation,Biology,Government,Environment,Education,Behavioral,Science""","Zoologists study animal species, habitats, and behaviors for conservation and research."
Solar Energy Engineer,"""Renewable,Energy,Solar,Panels,Electricity,Green,Energy,Sustainability,Engineering,Technology,Research,Power,Plant,Innovation""",Solar energy engineers develop and maintain solar power systems.
Mountaineering Guide,"""Adventure,Climbing,Trekking,Tourism,Outdoor,Survival,Training,Rescue,Nature,Exploration""",Mountaineering guides lead expeditions to challenging terrains and train climbers.
Pet Groomer,"""Animals,Care,Grooming,Salon,Hygiene,Pets,Dog,Training,Entrepreneurship,Beauty,Service""",Pet groomers provide cleaning and grooming services for pets in salons or mobile setups.
Ethnographer,"""Anthropology,Culture,Research,Society,Fieldwork,Academics,Language,Traditions,History,Government""",Ethnographers study human societies and cultural practices through field research.
Railway Engineer,"""Transport,Infrastructure,Trains,Tracks,Government,Metro,Manufacturing,Technology,Project,Management,Public,Sector""",Railway engineers design and develop railway networks and trains.
Epidemiologist,"""Healthcare,Disease,Research,Public,Health,Data,Statistics,Government,Infection,Prevention,Academics""",Epidemiologists study disease patterns and outbreaks to improve healthcare strategies.
Patent Lawyer,"""Law,Intellectual,Property,Patents,Trademarks,Corporate,Government,Legal,Advisory,Technology,Research,Documentation""",Patent lawyers help businesses and individuals protect their inventions legally.
Voice Therapist,"""Speech,Healthcare,Rehabilitation,Vocal,Training,Public,Speaking,Education,Coaching,Performing,Arts,Communication,Wellness""",Voice therapists help individuals recover or enhance their speaking abilities.
Aquaculturist,"""Fish,Farming,Marine,Food,Industry,Water,Quality,Environment,Conservation,Entrepreneurship,Government,Sustainability""",Aquaculturists breed and raise fish and other aquatic organisms for food and conservation.
Toy Designer,"""Creativity,Product,Design,Children,Innovation,Manufacturing,Prototyping,Entrepreneurship,Technology,Entertainment,Education""",Toy designers create fun and educational products for kids.
Art Restorer,"""Painting,Conservation,History,Museums,Heritage,Cultural,Preservation,Research,Restoration,Antiques,Skills""",Art restorers repair and preserve historical artworks and antiques.
Venture Capitalist,"""Finance,Investment,Startups,Entrepreneurship,Wealth,Management,Funding,Business,Economy,Private,Equity,Strategy""",Venture capitalists invest in high-potential startups in exchange for equity.
Audiologist,"""Hearing,Healthcare,Speech,Therapy,Diagnosis,Hearing,Aids,Research,Hospital,Clinical,Treatment,Medical,Equipment,Rehabilitation""",Audiologists diagnose and treat hearing disorders in patients.
Virtual Reality Developer,"""Technology,VR,Programming,Innovation,Gaming,Simulation,3D,Software,User,Experience,Entertainment""","VR developers create immersive digital experiences for gaming, education, and training."
Livestock Inspector,"""Agriculture,Animals,Veterinary,Food,Safety,Government,Farm,Management,Meat,Industry,Health,Regulation,Inspection""",Livestock inspectors ensure animal health and food safety regulations are met.
Sociologist,"""Research,Human,Behavior,Society,Academics,Data,Analysis,Education,Government,Social,Work,Policy,Community""",Sociologists study human behavior and societal trends for research and policymaking.
Nuclear Scientist,"""Physics,Energy,Research,Atomic,Technology,Government,Innovation,Power,Plant,Radiation,Security""","Nuclear scientists work on energy production, medical applications, and national security."
Poultry Farmer,"""Agriculture,Business,Farming,Food,Production,Chicken,Entrepreneurship,Trade,Animal,Husbandry,Economy,Management""","Poultry farmers raise chickens for eggs and meat, supplying the food industry."
Dubbing Artist,"""Media,Voiceover,Entertainment,Acting,Languages,TV,Film,Animation,Recording,Creativity""","Dubbing artists provide voiceovers for films, cartoons, and advertisements."
Food Critic,"""Journalism,Food,Restaurants,Writing,Reviewing,Tasting,Travel,Hospitality,Blogging,Social,Media""",Food critics review and write about culinary experiences in restaurants and cafés.
AI Ethics Consultant,"""Technology,Artificial,Intelligence,Policy,Ethics,Data,Privacy,Regulation,Security,Law,Research,Corporates""",AI ethics consultants ensure responsible AI development and application.
Cultural Heritage Manager,"""Museums,History,Preservation,Government,Conservation,Research,Education,Architecture,Archaeology,Public,Policy""",Cultural heritage managers oversee the conservation of historical sites and artifacts.
Biomedical Engineer,"""Healthcare,Engineering,Medical,Devices,Technology,Innovation,Research,Hospital,Artificial,Organs,Manufacturing""",Biomedical engineers develop medical equipment and healthcare innovations.
Digital Illustrator,"""Creativity,Art,Graphic,Design,Freelance,Media,Comics,Advertising,Marketing,Software,Animation""","Digital illustrators create visual content for brands, publishers, and entertainment."
Wind Energy Technician,"""Renewable,Energy,Electricity,Green,Technology,Power,Engineering,Government,Environmental,Science,Repair,Infrastructure""",Wind energy technicians install and maintain wind turbines for clean energy.
Perfume Tester,"""Fragrance,Research,Smell,Quality,Control,Lab,Chemistry,Branding,Product,Development,Cosmetics,Luxury""",Perfume testers evaluate and refine scents for commercial perfumes.
Ethical Fashion Designer,"""Fashion,Sustainability,Textiles,Environment,Design,Clothing,Branding,Handloom,Innovation,Business""",Ethical fashion designers create eco-friendly clothing using sustainable materials.
Political Speechwriter,"""Politics,Writing,Public,Relations,Government,Communication,Strategy,Media,Campaign,Policy,Influence""",Political speechwriters craft speeches for politicians and public figures.
Astrobiologist,"""Space,Science,Extraterrestrial,Life,NASA,Research,Astronomy,Planets,Physics,Microbiology,Academia""",Astrobiologists study the possibility of life beyond Earth in extreme environments.
Cyber Law Expert,"""Law,Technology,Security,Digital,Rights,Internet,Legal,Advisory,Regulations,Data,Protection,Ethical,Hacking,Government""","Cyber law experts handle legal issues related to internet crimes, privacy, and digital security."
AI-Powered Robotics Trainer,"""Technology,AI,Robotics,Training,Programming,Innovation,Automation,Research,Industry,Education""",AI-powered robotics trainers teach and develop advanced robotic applications.
Marine Biologist,"""Ocean,Research,Aquatic,Life,Conservation,Ecology,Government,Science,Marine,Mammals,Fisheries,Sustainability""",Marine biologists study ocean ecosystems and aquatic organisms to promote conservation and sustainability.
Herbalist,"""Medicine,Ayurveda,Natural,Remedies,Plants,Healing,Holistic,Health,Traditional,Medicine,Wellness,Pharmacology,Alternative,Therapy""",Herbalists use plant-based remedies to promote health and treat ailments.
Game Developer,"""Gaming,Software,Programming,Animation,Design,Technology,Creativity,3D,Entertainment,User,Experience""",Game developers create interactive video games using coding and design principles.
Handwriting Analyst,"""Forensic,Science,Graphology,Behavior,Personality,Investigation,Criminology,Legal,HR,Analysis,Psychology""",Handwriting analysts study handwriting to assess personality traits and detect forgeries.
Aquarium Designer,"""Aquatic,Life,Interior,Design,Fish,Tanks,Creativity,Home,Decor,Marine,Engineering,Water,Quality,Landscaping,Customization""",Aquarium designers create and maintain customized fish tanks for homes and commercial spaces.
Blockchain Developer,"""Technology,Cryptocurrency,Security,Decentralization,Programming,Innovation,Finance,Data,Privacy,Smart,Contracts,AI""",Blockchain developers create secure and decentralized digital solutions for businesses.
Astrophysicist,"""Space,Science,Research,Planets,Black,Holes,Cosmology,Physics,Mathematics,Government,NASA,Astronomy""",Astrophysicists study celestial bodies and cosmic phenomena to understand the universe.
Home Stager,"""Interior,Design,Real,Estate,Marketing,Home,Improvement,Furniture,Creativity,Property,Styling,Sales,Consulting,Decoration""",Home stagers enhance properties' visual appeal to attract potential buyers.
Tour Guide,"""Travel,History,Culture,Tourism,Communication,Adventure,Public,Speaking,Storytelling,Exploration,Hospitality""",Tour guides lead and educate visitors about historical and cultural sites.
Horticulturist,"""Plants,Agriculture,Gardening,Floriculture,Research,Sustainability,Conservation,Soil,Science,Landscaping,Farming""","Horticulturists cultivate plants for food, medicine, and decorative purposes."
Sports Psychologist,"""Mental,Health,Athletes,Performance,Coaching,Well-being,Training,Research,Olympics,Rehabilitation,Counseling""",Sports psychologists help athletes improve performance through mental training and counseling.
Brewmaster,"""Beverages,Brewing,Alcohol,Entrepreneurship,Fermentation,Hospitality,Food,Industry,Quality,Control,Innovation,Marketing""",Brewmasters craft beers and manage breweries for commercial and artisanal production.
Astro-Photographer,"""Astronomy,Photography,Space,Creativity,Telescopes,Planets,Stars,Technology,Art,Science""",Astro-photographers capture images of celestial objects using specialized cameras and telescopes.
Personal Shopper,"""Fashion,Styling,Branding,Consulting,Trends,Luxury,Marketing,Entrepreneurship,Customer,Service,E-commerce""","Personal shoppers assist clients in selecting clothing, accessories, and luxury items."
Water Conservationist,"""Environment,Sustainability,Climate,Change,Hydrology,Government,NGO,Policy,Research,Resource,Management,Ecology""",Water conservationists work to manage and protect water resources sustainably.
YouTuber,"""Content,Creation,Video,Production,Social,Media,Entrepreneurship,Entertainment,Marketing,Education,Influencer,Monetization""",YouTubers produce video content on various topics for online audiences and monetization.
Food Scientist,"""Nutrition,Research,Food,Safety,Quality,Control,Manufacturing,Technology,Innovation,Agriculture,Processing,Health""","Food scientists develop and test food products for safety, nutrition, and taste."
Aircraft Maintenance Engineer,"""Aviation,Engineering,Aircraft,Repair,Safety,Government,Airlines,Defense,Technology,Training,Certification""",Aircraft maintenance engineers ensure aircraft safety by repairing and maintaining systems.
Art Therapist,"""Mental,Health,Creativity,Therapy,Well-being,Counseling,Education,Rehabilitation,Painting,Expressive,Arts,Self-Discovery""",Art therapists use creative activities to help individuals cope with emotional and psychological challenges.
Theme Park Designer,"""Architecture,Entertainment,Creativity,Engineering,Design,Innovation,Animation,Construction,Technology,Experience""",Theme park designers create immersive entertainment spaces with thrilling attractions and rides.
Ayurvedic Doctor,"""Healthcare,Ayurveda,Medicine,Herbs,Traditional,Healing,Wellness,Hospitals,Research,Nutrition,Treatment""",Ayurvedic doctors use traditional Indian medicine to diagnose and treat patients naturally.
Film Editor,"""Movies,Post-Production,Entertainment,Editing,Storytelling,Creativity,Technology,Visual,Effects,Media,Software""",Film editors refine and enhance raw footage into polished movies and TV shows.
Luxury Wedding Planner,"""Events,High-End,Weddings,Decoration,Hospitality,VIP,Clients,Creativity,Marketing,Venue,Coordination,Design""",Luxury wedding planners manage and design extravagant weddings with premium services.
Perfume Chemist,"""Fragrance,Science,Essential,Oils,Laboratory,Beauty,Branding,Research,Chemistry,Product,Development,Innovation""",Perfume chemists develop and test fragrances for the beauty and cosmetics industry.
Aromatherapist,"""Wellness,Essential,Oils,Healing,Holistic,Health,Alternative,Therapy,Relaxation,Spirituality,Massage,Fragrance,Self-Care""",Aromatherapists use natural oils and scents to promote relaxation and healing.
Calligrapher,"""Art,Writing,Creativity,Handwriting,Typography,Design,Freelance,Stationery,Decorative,Arts,Customization""","Calligraphers create beautiful, artistic lettering for invitations, signage, and branding."
Cyber Security Analyst,"""Technology,IT,Data,Protection,Network,Security,Hacking,Threat,Management,Government,Corporate,Software,AI""",Cybersecurity analysts protect digital systems and data from cyber threats.
Meteorite Collector,"""Geology,Space,Science,Minerals,Research,Exploration,Astronomy,Rare,Stones,Museum,Trade""",Meteorite collectors study and trade space rocks for scientific and commercial purposes.
Crisis Management Specialist,"""Public,Relations,Disaster,Response,Corporate,Strategy,Media,Communication,Reputation,Management,Government,Security,Emergency,Branding""",Crisis management specialists help organizations handle public relations crises and disasters.
Paleontologist,"""Fossils,History,Dinosaurs,Research,Geology,Archaeology,Academics,Evolution,Earth,Science,Conservation""",Paleontologists study fossils to understand the history of life on Earth.
Feng Shui Consultant,"""Interior,Design,Energy,Balance,Spirituality,Well-being,Architecture,Home,Improvement,Consulting,Traditional,Wisdom,Decor,Space,Planning""",Feng Shui consultants help arrange living spaces to enhance positive energy and harmony.
Perfume Store Owner,"""Entrepreneurship,Beauty,Fragrance,Business,Marketing,Sales,Branding,Customer,Service,Wholesale,Luxury""",Perfume store owners sell a variety of fragrances and related products.
Flight Dispatcher,"""Aviation,Airport,Air,Traffic,Logistics,Safety,Government,Management,Operations,Planning,Travel""","Flight dispatchers coordinate aircraft departures, routes, and safety compliance."
Sleep Consultant,"""Health,Well-being,Insomnia,Therapy,Coaching,Medicine,Lifestyle,Self-Care,Science,Stress,Management""",Sleep consultants help individuals improve sleep quality through behavioral and environmental changes.
Toy Manufacturer,"""Business,Product,Development,Manufacturing,Marketing,Creativity,Children,Innovation,Technology,Quality,Control,Entrepreneurship""","Toy manufacturers design, produce, and sell toys for different age groups."
Car Reviewer,"""Automobile,Journalism,YouTube,Blogging,Performance,Technology,Driving,Marketing,Entertainment,Social,Media""","Car reviewers test and evaluate automobiles, providing insights for consumers."
Underwater Welder,"""Engineering,Diving,Construction,Marine,Oil,Industry,Technology,Repair,Infrastructure,Metalwork,Ocean""","Underwater welders perform welding and repairs on submerged structures, pipelines, and ships."
Professional Chess Player,"""Games,Strategy,Competitions,International,Tournaments,Coaching,Academics,Training,Intelligence,Logic""",Professional chess players compete in national and international chess tournaments.
Data Scientist,"""Technology,Analytics,Machine,Learning,Big,Data,AI,Programming,Research,Finance,Marketing,Automation""",Data scientists analyze large datasets to derive insights and help businesses make data-driven decisions.
Pet Behaviorist,"""Animals,Training,Behavior,Consulting,Well-being,Veterinary,Psychology,Pet,Care,Dog,Training,Communication""",Pet behaviorists study animal behavior and provide solutions for pet-related issues.
Sustainable Fashion Designer,"""Fashion,Environment,Ethical,Clothing,Recycling,Innovation,Textiles,Branding,Business,Creativity,Green,Industry""",Sustainable fashion designers create eco-friendly and ethical clothing lines.
Neon Sign Maker,"""Art,Creativity,Glasswork,Advertising,Electronics,Customization,Lighting,Branding,Entrepreneurship,Marketing""",Neon sign makers craft customized neon signs for businesses and decoration.
Ghostwriter,"""Writing,Publishing,Books,Articles,Content,Creation,Journalism,Marketing,Creativity,Editing,Freelance""","Ghostwriters write books, blogs, and articles for others without receiving public credit."
Water Slide Designer,"""Engineering,Amusement,Parks,Construction,Creativity,Innovation,Design,Manufacturing,Technology,Leisure,Water,Parks""",Water slide designers create fun and safe water attractions for amusement parks.
Rug Designer,"""Home,Decor,Textiles,Weaving,Creativity,Handloom,Art,Interior,Design,Customization,Entrepreneurship,Crafts""",Rug designers create unique designs for handmade and machine-made carpets and rugs.
Private Investigator,"""Crime,Investigation,Surveillance,Security,Law,Research,Corporate,Legal,Cases,Detective,Forensics""","Private investigators conduct background checks, surveillance, and solve cases for individuals or companies."
Fireworks Designer,"""Entertainment,Pyrotechnics,Events,Technology,Creativity,Manufacturing,Science,Fire,Safety,Production,Shows""",Fireworks designers create and manage firework displays for celebrations and events.
Astronaut,"""Space,NASA,Research,Training,Science,Technology,Physics,Engineering,Exploration,Government""","Astronauts travel to space to conduct research, experiments, and missions."
Luxury Watchmaker,"""Horology,Engineering,Handcraft,Jewelry,Timepieces,Entrepreneurship,Manufacturing,Creativity,Technology,Artisan""",Luxury watchmakers design and manufacture high-end timepieces for collectors and brands.
Meteorologist,"""Weather,Climate,Forecasting,Research,Government,Science,Environment,Space,Storms,Disaster,Management""",Meteorologists study atmospheric conditions to predict weather patterns.
Human Rights Activist,"""Law,Justice,Advocacy,NGO,Social,Work,Government,International,Relations,Equality,Policy,Community""",Human rights activists work to protect and promote social justice and human rights.
Tattoo Removal Specialist,"""Skincare,Dermatology,Laser,Treatment,Aesthetics,Healthcare,Beauty,Clinic,Technology,Wellness,Cosmetics""",Tattoo removal specialists use laser technology to remove unwanted tattoos.
Truffle Farmer,"""Agriculture,Food,Business,Luxury,Entrepreneurship,Farming,Truffle,Hunting,Organic,Soil,Science,Gourmet,Industry""",Truffle farmers cultivate and harvest rare and valuable truffles used in gourmet cooking.
Professional Whistler,"""Music,Entertainment,Sound,Art,Performance,Film,Commercials,Creativity,Competitions,Shows""","Professional whistlers perform whistling acts for movies, shows, and commercial productions."
Candle Maker,"""Handicrafts,Entrepreneurship,Fragrance,Art,Home,Decor,Creativity,Manufacturing,Small,Business,Customization,Design""","Candle makers craft scented and decorative candles for homes, businesses, and events."
Wildlife Photographer,"""Photography,Nature,Conservation,Travel,Adventure,Creativity,Cameras,Journalism,Animals,Environment""",Wildlife photographers capture images of animals and nature for media and research.
Ice Sculptor,"""Art,Sculpting,Creativity,Events,Carving,Hospitality,Design,Ice,Festivals,Competitions,Handcraft""","Ice sculptors create intricate ice sculptures for events, competitions, and exhibitions."
Historical Costume Designer,"""Fashion,Theater,Movies,History,Creativity,Textiles,Research,Production,Styling,Crafts""","Historical costume designers create period-accurate clothing for films, TV, and theater."
Aerospace Engineer,"""Engineering,Aircraft,Technology,Research,Space,Defense,Government,Innovation,Manufacturing,Avionics""","Aerospace engineers design and develop aircraft, spacecraft, and defense systems."
Aquaponics Farmer,"""Sustainable,Agriculture,Organic,Hydroponics,Fish,Farming,Water,Conservation,Food,Production,Innovation,Environment,Technology,Business""",Aquaponics farmers cultivate fish and plants together in a sustainable system.
Guitar Luthier,"""Music,Instruments,Woodwork,Manufacturing,Creativity,Handcraft,Design,Repair,Entrepreneurship,Customization""","Guitar luthiers build, repair, and customize guitars for musicians."
Eco-Tourism Guide,"""Travel,Sustainability,Environment,Wildlife,Tourism,Adventure,Education,Conservation,Hospitality,Nature""",Eco-tourism guides lead environmentally conscious tours to natural and protected areas.
Snake Rescuer,"""Wildlife,Animals,Conservation,Environment,Rescue,NGO,Forestry,Government,Research,Education""",Snake rescuers safely capture and relocate snakes to protect both wildlife and human settlements.
Perfume Evaluator,"""Fragrance,Testing,Quality,Control,Research,Beauty,Chemistry,Branding,Manufacturing,Marketing,Product,Development""",Perfume evaluators assess and refine fragrances for commercial products.
Professional Mermaid,"""Entertainment,Theater,Swimming,Underwater,Shows,Creativity,Photography,Children’s,Events,Training,Branding""","Professional mermaids perform in shows, events, and underwater photography."
Park Ranger,"""Environment,Conservation,Wildlife,Forestry,Government,Protection,Education,Patrol,Public,Service,Adventure""",Park rangers oversee the management and protection of national parks and forests.
AI Prompt Engineer,"""Technology,AI,Machine,Learning,Creativity,Automation,Programming,Data,Science,NLP,Software,Innovation""",AI prompt engineers design optimized queries and interactions for artificial intelligence models.
Digital Nomad,"""Freelancing,Remote,Work,Entrepreneurship,IT,Content,Creation,Travel,Social,Media,Marketing,Writing,Technology""",Digital nomads work remotely while traveling and earning through online jobs.
Game Tester,"""Gaming,Software,Quality,Control,Technology,Entertainment,Programming,Debugging,Testing,User,Experience,Creativity""",Game testers play and review video games to identify bugs and improve gameplay.
Futurist,"""Research,Innovation,Technology,Trends,AI,Government,Science,Predictions,Consulting,Corporate,Strategy""",Futurists analyze trends and predict technological and social advancements.
Wig Maker,"""Fashion,Hair,Beauty,Styling,Creativity,Movies,TV,Theater,Customization,Entrepreneurship""","Wig makers design and craft custom wigs for fashion, theater, and medical use."
Cartographer,"""Geography,Maps,Surveying,Government,Navigation,Technology,GIS,Research,Urban,Planning,Exploration""","Cartographers create and update maps for navigation, urban planning, and research."
Tattoo Ink Manufacturer,"""Art,Ink,Manufacturing,Chemistry,Entrepreneurship,Tattoo,Industry,Color,Production,Customization,Business""",Tattoo ink manufacturers produce specialized inks for tattoo artists.
Luxury Handbag Designer,"""Fashion,Leather,Branding,Creativity,Manufacturing,Design,Handicrafts,Entrepreneurship,Luxury,Market,Styling""",Luxury handbag designers craft high-end fashion accessories for elite clientele.
Biomechanical Engineer,"""Engineering,Healthcare,Prosthetics,Technology,Innovation,Research,Medical,Devices,Artificial,Limbs,Biomechanics,Rehabilitation""",Biomechanical engineers develop prosthetic limbs and assistive devices to improve human mobility.
Forensic Linguist,"""Law,Language,Criminal,Investigation,Analysis,Communication,Research,Government,Police,Legal,Cases,Academics""","Forensic linguists analyze language use in legal cases, criminal investigations, and authorship disputes."
Space Lawyer,"""Law,Space,Exploration,Satellite,Regulations,International,Law,Government,Defense,Technology,Policy,Contracts,Research""","Space lawyers handle legal issues related to space travel, satellites, and international space agreements."
Tea Taster,"""Beverages,Quality,Control,Tasting,Tea,Industry,Hospitality,Branding,Production,Research,Entrepreneurship,Marketing""","Tea tasters evaluate flavors, aromas, and quality of tea leaves for commercial production."
Deep Sea Diver,"""Marine,Adventure,Rescue,Oil,Industry,Research,Underwater,Exploration,Engineering,Government,Science,Photography""","Deep sea divers conduct underwater exploration, repairs, and scientific research at extreme depths."
Wildlife Veterinarian,"""Animals,Healthcare,Conservation,Research,Environment,Forest,Department,Zoo,Rescue,Wildlife,Sanctuaries,Endangered,Species""",Wildlife veterinarians treat and rehabilitate wild animals in natural habitats and sanctuaries.
Gondola Operator,"""Tourism,Transportation,Waterways,Boating,Heritage,Travel,Hospitality,Customer,Service,Culture,City,Tours""",Gondola operators navigate traditional boats in water tourism hotspots like Venice.
Puppeteer,"""Entertainment,Theater,Creativity,Handcraft,Animation,Children’s,Shows,Storytelling,Education,Events,Performing,Arts""","Puppeteers bring puppets to life in theater, TV, and cultural performances."
SFX Makeup Artist,"""Film,Entertainment,Makeup,Creativity,Horror,Special,Effects,Prosthetics,Movies,Theater,Television""","SFX makeup artists create special effects makeup for films, TV, and stage performances."
Aquarium Manager,"""Marine,Wildlife,Conservation,Aquatic,Life,Management,Hospitality,Research,Public,Education,Government,Environment""",Aquarium managers oversee the maintenance and operation of public and private aquariums.
Ethical Hacker,"""Technology,Cybersecurity,Hacking,IT,Data,Protection,Government,Corporate,Security,Penetration,Testing,Software""",Ethical hackers identify and fix security vulnerabilities in digital systems.
Bamboo Product Designer,"""Sustainability,Handicrafts,Design,Creativity,Entrepreneurship,Manufacturing,Innovation,Green,Business,Home,Decor,Woodwork""","Bamboo product designers create eco-friendly furniture, decor, and lifestyle products using bamboo."
Dolphin Trainer,"""Marine,Wildlife,Animals,Training,Aquariums,Rescue,Education,Conservation,Entertainment,Ocean""","Dolphin trainers work in marine parks, research centers, and rehabilitation programs to train dolphins."
Rooftop Gardener,"""Urban,Farming,Sustainability,Landscaping,Environment,Agriculture,Green,Spaces,Organic,Innovation,Permaculture,Ecology""",Rooftop gardeners cultivate plants and vegetables on urban rooftops for sustainability and food production.
Drone Photographer,"""Photography,Aerial,Technology,Filmmaking,Media,Marketing,Real,Estate,Events,Creativity,Surveillance""","Drone photographers capture aerial footage for advertising, real estate, and film production."
Perfume Brand Owner,"""Business,Entrepreneurship,Fragrance,Cosmetics,Marketing,Branding,Manufacturing,Luxury,Industry,Retail,Innovation""",Perfume brand owners develop and market unique fragrances for consumers.
Set Designer,"""Theater,Film,Production,Creativity,Design,Art,Entertainment,TV,Stage,Drama""","Set designers create visual backdrops for films, TV shows, and theatrical productions."
Mountaineering Equipment Designer,"""Adventure,Sports,Engineering,Innovation,Manufacturing,Research,Outdoor,Gear,Safety,Survival,Technology""",Designers of mountaineering equipment create specialized gear for climbing and extreme sports.
Professional Skydiver,"""Adventure,Extreme,Sports,Training,Competitions,Entertainment,Tourism,Performing,Arts,Filmmaking,Aviation,Thrill""","Professional skydivers perform stunts, train enthusiasts, and participate in competitions."
Urban Planner,"""Government,Infrastructure,City,Development,Sustainability,Public,Policy,Research,Environment,Transportation,Architecture,Engineering""",Urban planners design and manage sustainable city layouts and infrastructure projects.
Professional Blackjack Player,"""Gaming,Casino,Strategy,Mathematics,Probability,Finance,Statistics,Competitions,Risk,Analysis,Psychology""",Professional blackjack players use strategy and probability to win in casino card games.
Chocolate Taster,"""Food,Quality,Control,Tasting,Chocolate,Industry,Hospitality,Branding,Production,Research,Entrepreneurship,Marketing""","Chocolate tasters evaluate flavors, textures, and quality of chocolates for commercial brands."
Costume Jewelry Designer,"""Fashion,Accessories,Design,Handcraft,Creativity,Entrepreneurship,Branding,Marketing,Manufacturing,Trendy""",Costume jewelry designers create stylish and affordable fashion accessories.
Aquatic Therapist,"""Healthcare,Rehabilitation,Physiotherapy,Swimming,Wellness,Injury,Recovery,Exercise,Hydrotherapy,Medical,Science,Fitness""",Aquatic therapists use water-based exercises to help patients recover from injuries and improve mobility.
Solar Panel Installer,"""Renewable,Energy,Engineering,Technology,Construction,Sustainability,Electricity,Infrastructure,Green,Business,Installation,Repair""",Solar panel installers set up and maintain solar energy systems for homes and businesses.
Professional Video Editor,"""Media,Entertainment,Post-Production,Creativity,Film,Advertising,Technology,Animation,YouTube,Content,Creation""","Video editors enhance raw footage into polished films, advertisements, and online content."
Voice-over Artist,"""Entertainment,Media,Voice,Acting,Film,TV,Animation,Radio,Advertising,Storytelling,Theater""",Voice-over artists provide narration and character voices for media productions.
Wine Sommelier,"""Beverages,Hospitality,Tasting,Restaurants,Luxury,Events,Travel,Branding,Quality,Control,Education""",Wine sommeliers specialize in selecting and serving high-quality wines in fine dining settings.
Heritage Tour Operator,"""Tourism,History,Culture,Travel,Hospitality,Education,Guided,Tours,Marketing,Storytelling,Preservation""",Heritage tour operators organize guided tours to historical and cultural sites.
Antique Furniture Restorer,"""Woodwork,Restoration,Handcraft,History,Art,Conservation,Home,Decor,Customization,Traditional,Skills,Collectibles""",Antique furniture restorers repair and preserve vintage furniture for museums and collectors.
Custom Car Designer,"""Automobiles,Engineering,Creativity,Branding,Modifications,Luxury,Vehicles,Manufacturing,Customization,Entrepreneurship,Technology""",Custom car designers modify and create unique vehicle designs for customers.
Mobile App Developer,"""Technology,Software,IT,Programming,AI,Innovation,Startups,Android,iOS,Entrepreneurship""",Mobile app developers create applications for smartphones and digital platforms.
Golf Course Designer,"""Sports,Architecture,Landscaping,Recreation,Infrastructure,Construction,Nature,Environment,Leisure,Engineering""",Golf course designers plan and build scenic and challenging golf courses.
Art Auctioneer,"""Art,Sales,Antiques,Valuation,Marketing,History,Negotiation,Luxury,Collectibles,Wealth,Management""",Art auctioneers sell valuable art pieces and antiques at high-end auctions.
Smart Home Consultant,"""Technology,Home,Automation,Electronics,IoT,Security,Engineering,Installation,Energy,Efficiency,Consulting,AI""",Smart home consultants integrate automation and AI-based systems into residential spaces.
Space Suit Designer,"""Aerospace,Engineering,Technology,Innovation,Research,Space,Travel,Textiles,Protection,Manufacturing,NASA""",Space suit designers develop protective gear for astronauts working in outer space.
Space Tourism Guide,"""Space,Travel,Adventure,Tourism,Technology,Innovation,Training,Hospitality,Exploration,Future,Industry""","Space tourism guides assist travelers on commercial space flights, providing education and safety guidance."
Crystal Healer,"""Wellness,Alternative,Medicine,Healing,Spirituality,Meditation,Energy,Work,Holistic,Health,Self-Care,Metaphysical,Chakras""",Crystal healers use gemstones to balance energy and promote mental and physical well-being.
Food Truck Owner,"""Entrepreneurship,Street,Food,Culinary,Small,Business,Hospitality,Branding,Marketing,Restaurant,Industry,Creativity,Mobile,Business""","Food truck owners operate mobile kitchens, serving unique and gourmet street food."
Cosmetic Chemist,"""Beauty,Science,Cosmetics,Manufacturing,Research,Innovation,Skincare,Product,Development,Fragrance,Quality,Control""","Cosmetic chemists formulate and test beauty products like skincare, makeup, and haircare."
Historical Reenactor,"""History,Education,Theater,Culture,Performance,Events,Storytelling,Costumes,Living,History,Museums""",Historical reenactors portray historical figures and events for educational and entertainment purposes.
Luxury Car Detailer,"""Automobile,Maintenance,High-End,Vehicles,Entrepreneurship,Branding,Customization,Detailing,Polishing,Car,Industry,Luxury,Market""","Luxury car detailers provide premium cleaning, polishing, and restoration services for high-end vehicles."
Tattoo Equipment Manufacturer,"""Manufacturing,Tattoo,Industry,Technology,Ink,Design,Entrepreneurship,Innovation,Customization,Quality,Control,Business""","Tattoo equipment manufacturers design and produce tattoo machines, needles, and inks."
Animal Shelter Manager,"""Animals,Rescue,NGO,Nonprofit,Pet,Care,Adoption,Healthcare,Community,Service,Management,Fundraising""",Animal shelter managers oversee the care and adoption of rescued animals in shelters.
Hacker-for-Hire,"""Technology,Cybersecurity,Ethical,Hacking,Penetration,Testing,Security,IT,Data,Protection,Consulting,Corporate,Government""",Hacker-for-hire professionals test and improve cybersecurity defenses for businesses and individuals.
Professional Pickle Maker,"""Food,Preservation,Culinary,Entrepreneurship,Traditional,Organic,Handmade,Marketing,Manufacturing,Gourmet""",Professional pickle makers produce and sell artisanal pickles using traditional and innovative recipes.
Feng Shui Architect,"""Architecture,Interior,Design,Energy,Balance,Spirituality,Wellness,Construction,Consulting,Space,Planning,Real,Estate,Harmony""",Feng Shui architects design homes and offices based on principles of energy flow and harmony.
Astrologer,"""Spirituality,Predictive,Science,Hindu,Astrology,Horoscopes,Consulting,Life,Guidance,Mythology,Self-Discovery,Counseling,Traditional,Practices""","Astrologers interpret celestial movements to provide guidance on life, career, and relationships."
Sound Designer,"""Entertainment,Movies,Games,Music,Production,Creativity,Technology,Post-Production,Theater,Effects""","Sound designers create and enhance sound effects for movies, theater, and video games."
E-Waste Recycler,"""Environment,Sustainability,Recycling,Technology,Electronics,Waste,Management,Green,Business,Repair,Upcycling,Entrepreneurship""",E-waste recyclers collect and process discarded electronics to recover valuable materials and reduce pollution.
Aquascape Designer,"""Aquarium,Landscaping,Interior,Design,Creativity,Nature,Water,Features,Home,Decor,Customization,Marine,Life,Art""","Aquascape designers create beautiful underwater landscapes using plants, rocks, and fish."
Car Wrap Specialist,"""Automobile,Customization,Branding,Advertising,Graphics,Design,Marketing,Technology,Vinyl,Wrap,Entrepreneurship""",Car wrap specialists install custom graphics and advertisements on vehicles using vinyl wraps.
Paragliding Instructor,"""Adventure,Extreme,Sports,Training,Tourism,Outdoor,Activities,Coaching,Aviation,Safety,Thrill,Recreation""",Paragliding instructors train individuals to fly paragliders and conduct adventure tours.
Sake Brewer,"""Alcohol,Brewing,Japan,Traditional,Culinary,Culture,Manufacturing,Quality,Control,Entrepreneurship,Gourmet""",Sake brewers produce the Japanese rice wine using traditional brewing methods.
Luxury Concierge,"""Hospitality,VIP,Services,Travel,High-End,Clients,Events,Personalized,Services,Management,Customer,Service,Branding,Exclusive,Experiences""","Luxury concierges cater to high-net-worth clients, arranging exclusive services and experiences."
Professional Escape Room Designer,"""Entertainment,Puzzles,Themed,Experiences,Creativity,Engineering,Technology,Game,Design,Storytelling,Immersive,Experiences,Marketing""",Escape room designers create challenging puzzle-based entertainment experiences.
Parkour Trainer,"""Adventure,Fitness,Extreme,Sports,Coaching,Agility,Training,Martial,Arts,Entertainment,Street,Performance,Physical,Fitness""",Parkour trainers teach athletes how to navigate urban environments through free running and jumping techniques.
Professional Ethical Hacker,"""Cybersecurity,Ethical,Hacking,Technology,IT,Corporate,Data,Security,Penetration,Testing,Government,Software,Programming""",Professional ethical hackers test corporate and government security systems to prevent cyber threats.
Perfume Sommelier,"""Fragrance,Testing,Quality,Control,Luxury,Branding,Marketing,Manufacturing,Perfume,Industry,Entrepreneurship,Creativity""","Perfume sommeliers evaluate, blend, and refine fragrances for luxury perfume brands."
Roller Coaster Engineer,"""Engineering,Amusement,Parks,Technology,Construction,Entertainment,Thrill,Innovation,Design,Physics,Manufacturing""",Roller coaster engineers design and build safe yet thrilling rides for amusement parks.
Medical Illustrator,"""Art,Science,Medical,Research,Healthcare,Anatomy,Education,Textbooks,Technology,Graphic,Design,Digital,Art""",Medical illustrators create detailed drawings of the human body for medical education and publications.
Professional Voice Cloner,"""AI,Technology,Entertainment,Media,Deepfake,Research,Speech,Synthesis,Innovation,Music,Security""","Professional voice cloners use AI to replicate human voices for movies, virtual assistants, and research."
Luxury Travel Planner,"""Tourism,High-End,Clients,VIP,Hospitality,Events,Personalized,Services,Branding,Exclusive,Experiences,Management,Travel""",Luxury travel planners curate premium travel experiences for wealthy clients.
Sports Memorabilia Appraiser,"""Sports,History,Collectibles,Valuation,Marketing,Sales,Auctions,Authentication,Entrepreneurship,Antiques""",Sports memorabilia appraisers assess the value of rare sports collectibles for auctions and sales.
Professional Bubble Artist,"""Entertainment,Performing,Arts,Creativity,Science,Stage,Shows,Events,Physics,Soap,Bubbles,Street,Performers,Children's,Shows""",Bubble artists create large and intricate bubble performances for entertainment and science shows.
Coffee Bean Roaster,"""Food,Beverages,Entrepreneurship,Culinary,Hospitality,Branding,Manufacturing,Quality,Control,Coffee,Industry,Roasting""",Coffee bean roasters refine and process coffee beans for commercial and specialty coffee brands.
Gothic Architect,"""Architecture,History,Design,Creativity,Restoration,Construction,Culture,Innovation,Urban,Planning,Engineering""",Gothic architects design and restore buildings using elements of Gothic architecture.
Extreme Weather Photographer,"""Photography,Adventure,Storm,Chasing,Environment,Journalism,Science,Natural,Disasters,Creativity,Media,Climate""","Extreme weather photographers capture images of hurricanes, tornadoes, and storms."
Yoga Therapist,"""Wellness,Fitness,Mental,Health,Holistic,Healing,Coaching,Alternative,Medicine,Training,Spirituality,Self-Care,Health""",Yoga therapists use yoga techniques to help individuals with mental and physical ailments.
Sustainable Packaging Designer,"""Design,Environment,Innovation,Green,Business,Manufacturing,Technology,Branding,Recycling,Product,Development,Sustainability""",Sustainable packaging designers create eco-friendly packaging solutions for various industries.
Virtual Reality Arcade Owner,"""Business,Technology,Entertainment,Gaming,Entrepreneurship,VR,Customer,Service,Innovation,Events,Marketing""",A VR arcade owner runs a business offering virtual reality gaming and experiences.
Handmade Soap Business Owner,"""Business,Entrepreneurship,Skincare,Cosmetics,Organic,Small,Business,Marketing,Handicrafts,Branding,Self-Care""",Handmade soap entrepreneurs create and sell organic soaps with natural ingredients.
Customized T-Shirt Printing Business,"""Business,Printing,Design,Customization,Branding,Marketing,Entrepreneurship,Manufacturing,E-commerce,Clothing""",This business involves designing and printing custom T-shirts for individuals and businesses.
Pet Grooming Salon Owner,"""Business,Animals,Pet,Care,Entrepreneurship,Wellness,Grooming,Customer,Service,Marketing,Salon,Franchise""","Pet grooming salons provide services like bathing, trimming, and styling pets."
Organic Farming Consultant,"""Agriculture,Sustainability,Business,Consulting,Food,Production,Entrepreneurship,Environment,Research,Green,Business,Farming""",Organic farming consultants guide farmers on eco-friendly and profitable farming practices.
Mobile Car Wash Business,"""Business,Automobile,Entrepreneurship,Mobile,Service,Detailing,Car,Care,Customer,Service,Water,Conservation,Branding,Marketing""",A mobile car wash business provides on-the-go car cleaning services at customers' locations.
Subscription Box Business,"""Business,E-commerce,Subscription,Model,Customization,Marketing,Entrepreneurship,Retail,Branding,Customer,Retention,Packaging""",Subscription box businesses curate and deliver niche products to customers regularly.
Boutique Fitness Studio Owner,"""Business,Fitness,Wellness,Gym,Entrepreneurship,Personal,Training,Marketing,Branding,Health,Community""","Boutique fitness studios offer specialized workouts like yoga, pilates, and high-intensity training."
Personalized Gift Shop,"""Business,Customization,Handicrafts,Entrepreneurship,Art,Branding,Marketing,Retail,Stationery,Gifting""","This business involves creating and selling personalized gifts like mugs, frames, and accessories."
Sustainable Home Builder,"""Construction,Architecture,Sustainability,Business,Innovation,Real,Estate,Engineering,Energy,Efficiency,Green,Homes,Consulting""",Sustainable home builders construct eco-friendly houses using renewable materials and energy-efficient designs.
Gourmet Popcorn Business,"""Food,Business,Entrepreneurship,Snacks,Manufacturing,Marketing,Retail,Branding,Innovation,E-commerce""","A gourmet popcorn business creates unique, flavored popcorn for retail and online sales."
Luxury Perfume Brand Owner,"""Beauty,Entrepreneurship,Fragrance,Manufacturing,Marketing,Luxury,Industry,Branding,Customization,E-commerce,Business""","This business focuses on creating and selling high-end, customized perfumes."
Used Bookstore Owner,"""Business,Retail,Books,Education,Entrepreneurship,Resale,Community,Marketing,Sustainability,Antiquarian""","A used bookstore owner buys, sells, and trades pre-owned books to promote reading and sustainability."
Artisanal Cheese Maker,"""Food,Business,Entrepreneurship,Cheese,Manufacturing,Organic,Marketing,Gourmet,Handmade,Dairy,Industry""",An artisanal cheese maker produces handcrafted cheeses using traditional methods.
Virtual Interior Designer,"""Business,Interior,Design,Technology,Remote,Work,Entrepreneurship,Home,Decor,Architecture,3D,Modeling,Marketing,Consulting""",A virtual interior designer provides home and office design consultations online.
Handmade Jewelry Business,"""Jewelry,Entrepreneurship,Handicrafts,Business,Marketing,Branding,E-commerce,Customization,Creativity,Retail""",Handmade jewelry designers create and sell unique pieces through online and offline platforms.
AI Chatbot Development Business,"""Technology,AI,Business,Entrepreneurship,Software,Innovation,Customer,Service,Automation,Marketing,IT,Services""",An AI chatbot development business creates automated chat solutions for companies.
Adventure Tourism Business,"""Tourism,Business,Travel,Entrepreneurship,Adventure,Guided,Tours,Marketing,Outdoor,Activities,Branding,Customer,Service""","Adventure tourism companies offer activities like trekking, rafting, and safaris for thrill-seekers."
Freelance Business Consultant,"""Consulting,Business,Entrepreneurship,Marketing,Strategy,Finance,Startups,Management,Corporate,Advisory""","Freelance business consultants help companies improve efficiency, branding, and profitability."
Online Language Tutor,"""Education,Teaching,Business,Remote,Work,E-learning,Entrepreneurship,Language,Communication,Marketing,Online,Classes""",Online language tutors teach languages via virtual platforms to students globally.
Custom Sneaker Business,"""Fashion,Footwear,Entrepreneurship,Customization,Branding,Marketing,Creativity,Streetwear,Manufacturing,Design""","A custom sneaker business involves designing and selling unique, personalized sneakers."
Luxury Pet Hotel Owner,"""Business,Animals,Hospitality,Entrepreneurship,Boarding,Pet,Care,Branding,Marketing,Luxury,Market,Services""","Luxury pet hotels provide high-end boarding, grooming, and entertainment services for pets."
Podcast Production Business,"""Media,Entrepreneurship,Audio,Content,Creation,Technology,Marketing,Branding,Storytelling,Business,Services""","A podcast production company helps clients create, edit, and distribute high-quality audio content."
Handmade Furniture Business,"""Business,Woodwork,Handicrafts,Entrepreneurship,Interior,Design,Manufacturing,Branding,Marketing,Home,Decor,Customization""",Handmade furniture businesses create custom and artistic furniture for homes and offices.
Ethical Fashion Brand,"""Fashion,Business,Entrepreneurship,Sustainability,Manufacturing,Branding,Eco-Friendly,Marketing,Customization,Clothing""","An ethical fashion brand focuses on sustainable, fair-trade, and cruelty-free clothing."
Online Course Creator,"""Education,E-learning,Business,Entrepreneurship,Skill,Development,Technology,Remote,Work,Marketing,Teaching,Branding""",Online course creators develop educational content and sell it through digital platforms.
Miniature Model Business,"""Art,Handicrafts,Business,Entrepreneurship,Customization,Miniatures,Design,Marketing,Collectors,Hobby""","A miniature model business creates tiny-scale versions of buildings, vehicles, and objects."
AI-Powered Resume Writing Service,"""Technology,Business,Entrepreneurship,Career,Consulting,HR,Marketing,Job,Market,Automation,Writing,AI""",AI-powered resume writing services use machine learning to craft optimized resumes for job seekers.
Second-Hand Luxury Store,"""Retail,Fashion,Business,Entrepreneurship,Resale,Luxury,Market,Marketing,Sustainability,Branding,Thrift""","A second-hand luxury store resells authenticated designer clothing, accessories, and handbags."
Professional Organizing Service,"""Home,Improvement,Business,Entrepreneurship,Decluttering,Time,Management,Productivity,Marketing,Branding,Lifestyle,Consulting""","Professional organizers help clients declutter, optimize space, and improve workflow in homes and offices."
Drone Delivery Business,"""Technology,Logistics,Business,Entrepreneurship,Innovation,Delivery,Services,Automation,Marketing,AI,Startup""","A drone delivery business provides automated aerial delivery services for food, medicine, and packages."
Virtual Reality Fitness Business,"""Business,Technology,Fitness,Health,VR,Entrepreneurship,Coaching,Marketing,Branding,Wellness""",A VR fitness business combines virtual reality with exercise programs for an immersive workout experience.
Recycled Paper Products Business,"""Business,Sustainability,Manufacturing,Entrepreneurship,Environment,Handicrafts,Green,Business,Recycling,Marketing,Eco-Friendly""","This business focuses on producing and selling recycled paper notebooks, bags, and stationery."
Personal Chef Business,"""Food,Business,Entrepreneurship,Catering,Hospitality,Private,Clients,Meal,Planning,Customization,Health,Branding""",Personal chefs provide customized meal plans and cooking services for private clients.
Mobile Repair Business,"""Technology,Business,Entrepreneurship,Electronics,Repair,Services,Smartphones,Customer,Service,Marketing,Branding,Services""","A mobile repair business fixes smartphones, tablets, and other electronic devices."
Homestay Business,"""Tourism,Business,Entrepreneurship,Hospitality,Rental,Travel,Customer,Service,Marketing,Community,Local,Experiences""",Homestay businesses offer travelers a local stay experience by renting out rooms or houses.
3D Printing Service,"""Technology,Business,Entrepreneurship,Manufacturing,Prototyping,Customization,Innovation,Engineering,Marketing,Product,Design""","A 3D printing service creates customized products, prototypes, and parts for businesses and individuals."
Handmade Candles Business,"""Business,Entrepreneurship,Handicrafts,Home,Decor,Wellness,Aromatherapy,Manufacturing,Branding,Marketing,Gifting""","A handmade candles business sells scented, decorative, and customized candles."
Professional Ghostwriter,"""Writing,Content,Creation,Business,Freelance,Books,Marketing,Publishing,SEO,Branding,Storytelling""","Ghostwriters create content, books, and articles for individuals or businesses without taking credit."
Online Therapy Service,"""Healthcare,Business,Entrepreneurship,Mental,Health,Counseling,Telemedicine,Coaching,Marketing,Remote,Work,Wellness""",An online therapy service provides virtual mental health counseling and coaching.
Organic Tea Business,"""Beverages,Business,Entrepreneurship,Tea,Industry,Manufacturing,Marketing,Branding,Health,Organic,Farming,E-commerce""",An organic tea business focuses on producing and selling natural and herbal teas.
Luxury Car Rental Business,"""Automobiles,Business,Entrepreneurship,Luxury,Market,Rental,Hospitality,Marketing,Branding,Tourism,Customer,Service""","Luxury car rentals provide high-end vehicles for events, travel, and business clients."
Sustainable Clothing Brand,"""Fashion,Business,Entrepreneurship,Sustainability,Manufacturing,Branding,E-commerce,Ethical,Fashion,Marketing,Green,Business""","A sustainable clothing brand produces eco-friendly, ethical, and organic apparel."
Food Photography Business,"""Photography,Business,Entrepreneurship,Food,Industry,Branding,Marketing,Creativity,Restaurants,Advertising,Content,Creation""","Food photographers specialize in taking high-quality images for restaurants, brands, and publications."
Personal Branding Consultant,"""Marketing,Business,Entrepreneurship,Coaching,Branding,Social,Media,Public,Relations,Content,Creation,Strategy,Personal,Development""",Personal branding consultants help individuals build a strong online presence and reputation.
Pet Bakery Business,"""Food,Business,Entrepreneurship,Pets,Baking,Customization,Branding,Gourmet,Marketing,Animal,Care""","A pet bakery creates and sells organic, gourmet treats for pets."
AI-Based Resume Screening Business,"""Technology,Business,Entrepreneurship,Recruitment,Automation,AI,HR,Job,Market,Software,Innovation""",An AI-powered resume screening business provides automated applicant filtering for hiring companies.
Freelance Video Editing Service,"""Media,Entertainment,Business,Entrepreneurship,Filmmaking,Content,Creation,Branding,YouTube,Marketing,Post-Production""","Freelance video editors provide editing services for films, ads, and online creators."
Kids’ Subscription Box Business,"""Business,E-commerce,Subscription,Model,Children,Education,Toys,Customization,Branding,Marketing,Parenting""","A kids’ subscription box business delivers educational toys, books, and crafts to children."
Coffee Shop Franchise,"""Business,Food,Entrepreneurship,Coffee,Hospitality,Marketing,Branding,Retail,Franchise,Customer,Service""",A coffee shop franchise allows entrepreneurs to open and operate branded coffee outlets.
Remote IT Support Business,"""Technology,Business,Entrepreneurship,IT,Services,Remote,Work,Customer,Support,Cybersecurity,Automation,Marketing,Consulting""","A remote IT support business provides tech assistance, troubleshooting, and cybersecurity services."
Aerial Survey Business,"""Drones,Technology,Business,Entrepreneurship,Photography,Surveying,Real,Estate,Geospatial,Mapping,Innovation,Construction""",Aerial survey businesses use drones to capture and analyze geographical data.
Sustainable Toy Business,"""Business,Entrepreneurship,Toys,Manufacturing,Green,Business,Recycling,Branding,Marketing,Children,Education""",A sustainable toy business creates eco-friendly and non-toxic toys for children.
Personalized Stationery Business,"""Business,Entrepreneurship,Customization,Printing,Branding,Marketing,Handicrafts,Gifting,Office,Supplies,Creativity""","A personalized stationery business sells customized notebooks, planners, and office supplies."
Ice Cream Truck Business,"""Food,Business,Entrepreneurship,Mobile,Service,Hospitals,Events,Branding,Marketing,Hospitality,Customization""",An ice cream truck business serves gourmet and specialty ice creams at various locations.
Senior Care Business,"""Healthcare,Business,Entrepreneurship,Wellness,Community,Home,Services,Consulting,Customer,Service,Assisted,Living,Marketing""","A senior care business provides home assistance, wellness programs, and personal care for the elderly."
Handmade Rug Business,"""Business,Entrepreneurship,Handicrafts,Home,Decor,Weaving,Manufacturing,Branding,Customization,Marketing,Traditional,Art""",Handmade rug businesses create and sell artisan carpets and rugs.
Language Translation Business,"""Languages,Business,Entrepreneurship,Translation,Localization,Globalization,Content,Creation,Consulting,Marketing,Remote,Work""",A language translation business offers multilingual services for companies and individuals.
Ethical Coffee Roastery,"""Food,Business,Entrepreneurship,Coffee,Sustainability,Branding,Marketing,Organic,Fair,Trade,Manufacturing""","An ethical coffee roastery produces fair-trade, organic coffee with an emphasis on sustainability."
Mental Health Podcast Creator,"""Media,Business,Entrepreneurship,Mental,Health,Content,Creation,Storytelling,Branding,Marketing,Self-Help,Wellness""",A mental health podcast creator produces audio content focused on well-being and personal development.
Solar Energy Installation Business,"""Renewable,Energy,Business,Entrepreneurship,Technology,Solar,Power,Installation,Consulting,Green,Business,Marketing,Sustainability""",A solar energy business installs and maintains solar panels for homes and businesses.
Smart Home Installation Business,"""Technology,Business,Entrepreneurship,Home,Automation,Electronics,IT,Services,Marketing,Consulting,Security,Innovation""","Smart home businesses install automation systems for security, lighting, and energy efficiency."
Online Digital Art Store,"""Art,Business,Entrepreneurship,E-commerce,Digital,Art,Prints,Marketing,Branding,Creativity,Customization,Design""","An online digital art store sells digital prints, illustrations, and commissioned artwork."
Subscription-Based Online Tutoring,"""Education,Business,Entrepreneurship,E-learning,Subscription,Model,Teaching,Skill,Development,Marketing,Branding,Online,Courses""",A subscription-based online tutoring service provides educational lessons on a monthly basis.
Culinary Tour Business,"""Tourism,Food,Business,Entrepreneurship,Travel,Experiences,Hospitality,Marketing,Culture,Events""",A culinary tour business offers food-based travel experiences showcasing regional cuisines.
Minimalist Furniture Business,"""Business,Furniture,Entrepreneurship,Design,Manufacturing,Home,Decor,Sustainability,Customization,Marketing,Branding""","A minimalist furniture business produces simple, modern, and functional home decor items."
Personal Finance Coach,"""Finance,Business,Entrepreneurship,Coaching,Wealth,Management,Consulting,Financial,Literacy,Marketing,Investments,Money,Management""","Personal finance coaches help individuals manage their budgets, savings, and investments."
Zero-Waste Grocery Store,"""Retail,Business,Entrepreneurship,Sustainability,Organic,Green,Business,Environment,Packaging-Free,Marketing,Community""",Zero-waste grocery stores offer bulk foods and eco-friendly shopping alternatives.
